passengerId,survived,pclass,sex,age,sibsp,parch,fare,embarked
1,0,1,male,44.8,4,1,29.7,S
2,1,3,male,38.6,1,0,41.58,S
3,1,3,female,39.6,3,3,94.58,S
4,0,3,male,10.9,2,3,62.99,S
5,0,3,male,47.0,0,3,84.32,C
6,0,3,female,33.7,1,3,72.48,S
7,0,3,male,24.8,0,0,15.69,S
8,1,3,female,32.0,4,1,74.91,S
9,0,2,male,5.1,2,3,31.13,C
10,1,3,male,35.7,0,0,65.72,Q
11,0,1,male,15.6,3,1,37.39,S
12,1,3,male,11.1,2,3,99.78,S
13,1,3,female,,3,1,30.04,S
14,0,1,male,45.6,0,1,31.52,S
15,0,3,male,21.2,2,0,93.41,S
16,0,3,male,51.5,3,1,7.34,S
17,0,1,male,22.5,4,0,71.19,S
18,0,3,female,6.1,4,3,73.91,S
19,0,3,male,14.4,0,1,84.46,S
20,0,1,female,,2,1,97.57,S
21,0,3,female,27.8,1,2,97.68,S
22,0,2,male,22.3,2,3,11.2,S
23,0,3,female,32.2,4,3,83.07,S
24,0,3,male,37.0,3,2,66.4,C
25,0,3,male,45.6,1,2,66.5,S
26,1,3,male,50.3,0,0,17.19,S
27,0,3,female,25.0,1,0,66.77,Q
28,0,3,female,,0,1,98.34,S
29,0,2,male,24.2,1,1,91.62,S
30,0,3,female,,0,1,46.72,S
31,0,1,male,16.5,0,1,8.8,C
32,0,3,male,16.6,1,0,39.42,Q
33,0,1,male,34.8,1,3,83.51,C
34,1,1,female,29.3,0,1,71.64,S
35,1,1,male,30.5,4,3,48.64,S
36,1,3,male,19.4,1,1,10.23,S
37,0,2,male,26.8,2,2,45.55,S
38,0,3,male,17.1,3,1,49.56,S
39,1,1,male,42.5,0,1,93.21,S
40,0,2,male,44.5,0,1,65.9,C
41,0,3,female,4.2,3,0,34.61,S
42,0,3,male,17.0,4,2,54.91,S
43,0,2,male,9.0,3,1,11.28,S
44,1,3,male,20.9,1,1,97.39,C
45,0,3,female,,3,3,39.21,C
46,1,3,female,,0,2,50.4,S
47,0,1,male,17.1,3,1,38.75,S
48,0,1,female,15.9,2,3,69.84,S
49,0,3,male,32.9,1,3,67.91,Q
50,0,1,male,31.0,3,0,72.96,S
51,1,3,male,19.9,0,3,30.47,S
52,1,3,male,32.5,1,1,34.99,S
53,1,3,male,22.3,0,0,16.9,S
54,1,3,female,26.2,4,0,67.27,C
55,0,3,female,53.4,2,1,8.78,S
56,1,2,female,48.8,4,2,61.78,S
57,0,3,male,11.8,2,3,87.62,S
58,0,2,male,,3,0,89.63,S
59,0,3,female,41.4,1,2,47.66,Q
60,0,3,male,13.9,3,1,48.63,S
61,0,3,male,41.5,2,3,12.31,C
62,0,3,male,51.5,2,3,68.72,C
63,1,3,female,14.3,2,0,83.02,S
64,0,2,male,17.2,0,3,28.24,S
65,0,2,male,44.2,1,3,45.02,S
66,0,3,female,33.8,3,3,84.69,C
67,0,1,male,37.7,3,3,88.33,S
68,1,1,male,34.8,4,1,28.1,S
69,0,2,male,35.5,2,2,57.3,S
70,1,2,male,11.4,2,1,23.29,C
71,1,2,female,44.7,2,1,14.68,S
72,0,1,male,46.4,3,0,91.56,S
73,0,1,male,26.8,4,3,82.95,S
74,1,1,female,29.4,0,1,77.2,S
75,1,3,female,8.6,1,3,9.63,C
76,1,2,female,37.2,0,1,85.15,S
77,1,2,male,38.0,3,1,46.61,C
78,0,3,male,29.1,2,0,37.53,S
79,0,1,female,45.7,1,2,56.92,S
80,0,3,female,25.3,3,2,13.68,S
81,1,3,male,37.9,3,1,76.88,S
82,1,1,male,15.7,3,0,60.33,S
83,0,2,male,29.7,1,3,22.73,S
84,0,3,female,27.6,1,3,22.88,S
85,0,3,male,33.2,4,1,22.5,S
86,0,3,male,24.8,4,2,10.42,S
87,1,3,male,28.2,0,0,60.84,Q
88,1,1,female,41.6,1,2,84.83,S
89,1,3,female,23.9,1,3,6.66,S
90,0,1,male,7.5,1,2,9.66,S
91,0,3,female,54.5,4,3,59.41,C
92,1,3,female,49.3,3,0,82.85,C
93,1,3,male,11.9,2,0,36.04,S
94,0,3,male,39.7,4,1,38.21,C
95,1,1,male,23.0,1,1,61.65,S
96,0,1,female,33.7,4,2,31.05,S
97,0,1,male,34.1,0,0,7.53,C
98,0,1,male,26.7,1,0,74.85,C
99,0,3,female,19.0,0,1,64.44,S
100,0,2,male,20.3,1,3,60.17,C
101,0,1,female,17.2,4,2,75.46,S
102,1,3,male,,3,2,69.15,C
103,0,3,male,29.1,2,1,24.56,S
104,0,3,female,20.0,0,0,38.49,S
105,1,3,female,39.5,4,1,16.98,S
106,0,1,male,,3,1,17.34,S
107,0,2,female,21.9,4,1,69.24,S
108,1,3,female,,0,1,86.57,S
109,0,3,male,37.0,2,3,96.46,S
110,0,1,female,36.6,4,3,64.69,S
111,0,3,male,31.1,1,0,22.49,S
112,0,1,male,40.4,3,1,15.04,S
113,1,1,male,36.8,4,3,82.22,S
114,1,3,female,12.7,3,0,59.98,C
115,1,3,female,42.2,1,1,63.74,C
116,1,3,male,42.4,2,2,79.24,C
117,1,1,male,19.3,2,3,71.81,S
118,0,3,male,,1,0,84.27,C
119,1,2,male,39.6,3,2,10.34,S
120,0,1,female,27.1,4,1,76.01,S
121,1,3,female,45.0,1,1,85.83,S
122,1,3,male,63.1,0,1,32.18,C
123,0,3,female,19.0,3,3,65.84,S
124,0,3,male,10.7,2,0,34.85,S
125,0,3,female,34.3,1,2,96.01,S
126,0,3,female,40.1,2,0,8.18,C
127,1,1,male,26.8,3,3,60.08,S
128,1,2,male,50.3,2,0,20.82,S
129,0,2,female,11.3,1,3,72.66,S
130,0,2,male,39.7,3,1,21.71,S
131,0,3,male,21.5,0,2,27.36,S
132,0,3,male,,1,1,51.97,S
133,0,1,male,57.9,4,0,91.91,C
134,0,1,male,19.3,1,1,25.11,S
135,1,3,female,22.3,3,2,18.7,S
136,0,1,female,42.0,1,1,77.1,S
137,0,3,male,24.6,0,2,52.56,S
138,1,3,female,29.4,0,2,91.62,S
139,0,3,male,30.4,4,1,18.93,S
140,1,3,female,,2,3,66.36,S
141,1,3,female,29.8,3,0,27.12,C
142,0,2,male,20.3,3,3,19.89,S
143,0,3,female,23.1,2,3,69.93,S
144,0,3,male,50.2,0,1,61.4,C
145,0,2,male,12.4,0,0,76.71,S
146,0,3,female,41.4,1,0,34.4,C
147,0,3,male,26.1,4,3,47.56,S
148,0,3,male,26.1,4,1,43.52,S
149,0,3,male,41.1,4,0,98.49,C
150,0,3,female,34.8,1,3,32.76,S
151,1,3,male,38.0,4,0,33.01,S
152,0,3,male,,2,1,38.68,C
153,0,3,female,25.4,1,1,58.64,S
154,0,3,female,21.4,2,1,28.97,S
155,1,3,male,14.8,1,0,91.95,S
156,0,3,male,18.4,4,2,30.24,C
157,1,1,male,71.3,2,0,90.1,Q
158,1,3,male,47.4,2,2,14.83,S
159,0,3,male,11.1,2,1,67.37,S
160,1,1,female,11.5,1,3,91.16,Q
161,0,3,female,36.7,3,2,21.03,S
162,1,1,male,37.7,4,1,96.99,S
163,1,2,male,37.7,2,1,48.02,S
164,0,3,female,26.4,3,2,94.84,C
165,0,1,male,28.2,4,3,69.3,C
166,1,3,female,34.6,4,1,33.65,S
167,0,3,male,31.2,2,2,22.89,S
168,0,3,male,-1.1,2,3,33.85,S
169,0,1,female,26.8,1,3,13.84,S
170,0,2,male,18.1,3,1,18.67,S
171,1,3,female,32.5,3,0,14.94,C
172,0,3,male,71.8,2,0,45.18,S
173,0,3,male,35.1,4,1,80.58,C
174,0,2,female,25.6,2,3,18.43,S
175,1,3,male,42.9,4,1,17.38,S
176,0,3,female,,4,2,66.13,S
177,1,3,male,35.9,2,0,23.73,S
178,0,1,male,38.5,0,2,14.27,S
179,1,3,female,58.8,3,1,20.85,Q
180,0,3,male,14.2,4,1,92.75,C
181,0,3,male,,4,3,83.04,S
182,0,2,male,17.0,0,3,38.64,S
183,1,3,male,37.8,1,3,67.3,Q
184,1,3,male,17.1,0,2,56.04,S
185,0,1,female,24.2,0,3,69.33,S
186,1,3,female,25.9,4,1,69.85,S
187,1,3,female,,3,3,64.73,Q
188,0,1,female,42.9,0,0,30.28,S
189,0,2,female,12.6,1,3,8.71,S
190,0,3,female,30.8,2,2,48.28,Q
191,0,1,male,20.1,0,0,89.64,S
192,1,3,female,12.4,0,0,59.1,S
193,1,2,female,27.0,1,0,84.08,S
194,1,3,male,25.7,3,2,99.2,C
195,0,1,male,64.0,0,1,20.54,S
196,0,3,male,36.1,0,3,70.72,Q
197,1,3,male,10.7,3,0,69.06,S
198,1,3,female,22.1,1,0,98.1,S
199,1,3,male,44.3,0,0,98.63,Q
200,1,1,male,59.2,3,1,70.23,S
201,1,3,female,7.8,0,1,28.14,S
202,0,1,male,3.7,2,2,80.86,S
203,0,1,male,56.2,4,1,15.17,S
204,1,2,male,35.5,2,3,79.17,S
205,0,3,female,17.8,0,2,91.47,S
206,0,3,female,,1,2,41.37,S
207,0,3,male,-6.9,4,3,64.91,C
208,1,3,female,30.0,2,3,45.86,S
209,0,2,male,,3,3,46.59,Q
210,0,3,female,42.9,1,2,34.49,S
211,0,2,female,15.8,2,2,77.4,S
212,1,3,female,31.2,3,2,93.94,S
213,1,1,male,17.0,0,3,94.37,S
214,0,3,female,33.6,3,3,21.6,S
215,1,3,female,17.5,2,0,88.1,C
216,0,1,male,24.3,2,1,75.06,Q
217,0,1,female,16.1,0,0,29.02,Q
218,1,3,male,39.1,3,3,11.39,S
219,1,3,female,,3,2,30.46,C
220,1,2,male,,0,3,91.66,S
221,1,3,female,30.5,3,1,65.15,S
222,0,1,male,9.7,0,0,73.5,C
223,0,2,male,25.8,1,0,29.43,S
224,0,3,male,29.3,2,2,73.34,S
225,0,2,male,66.7,1,0,7.67,S
226,0,3,male,14.4,4,0,40.66,S
227,1,2,male,,4,3,64.54,C
228,0,2,male,44.0,4,0,18.88,S
229,1,3,male,33.9,0,0,83.19,Q
230,1,2,male,,3,0,27.33,S
231,1,3,female,35.2,1,2,66.97,S
232,0,1,male,35.4,1,2,43.49,S
233,0,1,female,29.3,1,3,61.62,S
234,0,1,female,47.1,1,0,15.21,S
235,0,3,female,45.4,4,2,6.61,C
236,1,2,male,21.2,1,2,91.41,C
237,0,3,female,11.5,3,3,30.61,Q
238,0,3,male,,4,1,82.87,C
239,1,3,male,18.8,1,0,99.94,C
240,0,1,male,29.1,0,2,25.09,S
241,1,3,female,47.3,2,3,30.19,C
242,1,3,male,23.6,2,3,67.97,S
243,1,3,male,29.4,2,3,96.72,S
244,0,3,female,30.8,4,2,92.0,S
245,0,3,female,41.9,1,0,52.77,S
246,1,3,male,-1.5,4,1,80.54,S
247,0,1,male,21.5,3,0,17.9,Q
248,1,1,female,33.0,0,3,97.86,S
249,1,3,male,46.8,0,3,96.61,S
250,1,3,male,23.1,2,1,20.55,S
251,0,3,male,3.7,2,0,33.45,S
252,0,3,female,38.7,2,3,14.51,S
253,1,1,female,21.1,1,3,30.81,S
254,0,1,female,13.3,3,0,82.52,S
255,0,3,female,21.3,3,3,40.94,S
256,0,2,male,27.4,3,0,13.4,C
257,1,1,male,21.5,3,3,37.51,C
258,1,3,male,-0.9,2,0,98.23,S
259,0,1,male,42.6,0,1,64.82,S
260,0,3,male,47.8,2,3,44.54,S
261,0,2,female,39.1,3,1,20.82,C
262,1,3,male,14.1,2,3,98.69,S
263,0,2,female,27.2,3,3,82.98,S
264,0,3,male,29.9,4,2,31.74,C
265,1,1,male,38.4,0,0,11.66,S
266,1,1,male,39.4,4,1,10.38,S
267,1,2,male,19.7,1,1,16.44,S
268,1,3,female,31.1,2,1,60.17,Q
269,0,3,male,36.4,1,0,93.23,C
270,0,2,male,,2,2,52.19,S
271,1,3,male,39.9,4,1,85.08,S
272,1,3,male,,3,0,47.36,S
273,1,3,male,31.2,3,3,72.32,Q
274,1,1,female,49.7,2,1,74.53,Q
275,0,3,female,35.7,3,1,21.53,S
276,0,1,male,17.9,4,2,39.32,C
277,1,2,female,49.6,3,1,65.54,S
278,1,3,male,39.8,4,1,11.72,S
279,1,1,male,23.8,1,3,39.35,S
280,1,3,male,23.3,4,0,55.81,S
281,1,3,male,34.2,0,0,99.64,Q
282,0,3,male,36.5,0,2,50.08,S
283,0,3,male,32.8,0,3,82.53,S
284,0,1,male,34.4,2,0,46.05,Q
285,0,2,male,53.8,2,3,80.66,Q
286,0,3,male,45.0,2,0,61.56,S
287,0,1,female,32.7,4,3,89.23,S
288,0,2,male,43.2,2,2,44.04,S
289,0,1,male,15.5,1,1,62.41,S
290,0,1,male,35.6,0,2,64.85,Q
291,0,2,male,,4,0,44.65,Q
292,0,1,male,26.9,0,2,18.71,S
293,1,3,male,18.1,2,1,13.89,S
294,0,3,male,,4,2,6.58,S
295,0,3,male,14.7,3,0,87.99,Q
296,0,1,male,19.0,1,0,27.47,S
297,1,1,male,24.8,2,2,25.09,S
298,0,1,male,10.3,2,1,74.92,S
299,1,3,male,30.2,1,2,35.4,S
300,0,3,male,42.6,1,1,53.07,S
301,0,1,female,17.3,3,3,20.44,S
302,0,3,male,51.3,2,1,96.18,Q
303,0,1,male,37.2,2,3,85.9,Q
304,1,3,male,44.4,0,2,87.06,C
305,1,3,female,20.8,4,1,43.64,S
306,1,3,male,42.0,4,3,77.42,S
307,0,3,male,14.7,0,3,18.67,S
308,0,3,male,42.5,4,3,5.82,S
309,1,2,male,32.4,1,0,6.9,Q
310,0,3,male,37.7,4,2,60.73,S
311,0,1,male,13.5,4,3,48.26,S
312,0,3,female,17.5,0,1,54.21,Q
313,0,3,male,,3,3,5.71,Q
314,1,3,female,16.7,4,0,45.16,S
315,1,3,female,,4,2,73.22,S
316,1,3,male,10.9,3,0,47.06,S
317,0,3,male,41.9,0,0,74.56,S
318,0,3,male,12.7,3,0,27.14,S
319,0,1,male,,0,1,82.25,S
320,0,1,male,38.8,1,2,60.9,Q
321,0,2,female,20.2,0,2,25.02,S
322,1,1,female,38.1,1,1,27.49,S
323,1,3,male,33.6,1,2,64.66,S
324,0,1,male,22.5,0,0,83.84,S
325,1,3,female,15.9,2,2,44.48,C
326,1,2,female,2.5,0,1,29.54,S
327,0,1,female,34.9,4,0,87.37,S
328,0,3,male,8.1,4,1,68.58,S
329,0,3,male,31.3,2,3,47.57,C
330,0,3,male,26.3,1,0,51.35,S
331,0,3,male,39.5,2,0,24.4,C
332,1,3,male,25.8,4,2,64.55,S
333,0,1,male,25.4,2,0,39.08,S
334,0,3,female,40.2,0,1,99.59,S
335,0,3,male,,2,2,50.62,Q
336,0,3,male,34.4,1,3,51.16,Q
337,1,1,male,36.6,0,1,58.76,S
338,1,3,male,8.5,3,3,92.09,S
339,0,1,male,40.6,4,3,81.08,S
340,0,1,male,38.6,4,3,47.86,S
341,0,2,female,15.8,2,0,73.28,S
342,0,3,male,26.6,0,1,60.69,Q
343,0,3,male,29.4,3,1,51.77,Q
344,0,3,male,28.1,0,0,23.27,S
345,0,3,female,34.7,4,2,49.07,S
346,0,2,female,50.0,0,3,28.35,C
347,1,2,female,,3,1,91.91,C
348,0,2,male,11.6,2,0,36.86,S
349,0,3,male,38.7,1,3,95.47,S
350,1,1,male,48.6,0,2,55.64,S
351,0,3,male,35.4,1,2,65.0,S
352,1,3,female,45.3,4,3,56.58,S
353,1,2,male,58.2,2,2,17.29,S
354,0,3,female,,2,1,40.7,S
355,0,3,female,33.5,0,1,14.42,S
356,1,3,male,44.6,2,1,64.18,S
357,0,3,female,,0,2,47.45,S
358,0,2,male,30.3,0,1,78.91,C
359,1,2,male,25.1,1,0,25.94,C
360,0,3,male,,2,1,20.63,S
361,0,3,male,18.5,0,1,43.6,S
362,1,1,male,51.5,1,2,93.03,Q
363,0,3,male,37.0,3,1,72.49,S
364,0,3,male,10.4,1,3,44.8,S
365,1,3,male,35.1,1,0,54.14,S
366,0,1,male,,0,2,13.0,S
367,1,3,male,38.8,4,0,98.53,S
368,1,3,male,42.4,4,3,68.31,Q
369,0,1,male,21.7,4,2,32.11,S
370,0,1,female,31.7,1,2,60.65,S
371,0,3,female,57.4,0,1,15.4,Q
372,0,1,female,22.9,2,0,96.75,S
373,0,3,female,15.2,1,3,21.6,S
374,1,3,male,50.7,1,3,66.56,S
375,0,2,female,57.5,0,2,28.32,S
376,0,3,male,30.1,3,1,73.17,S
377,1,3,male,44.2,1,2,78.8,S
378,0,3,female,48.8,3,2,68.97,S
379,1,2,male,19.6,3,2,63.38,S
380,0,3,female,23.2,4,2,89.78,S
381,0,1,female,47.2,0,3,12.47,S
382,1,2,female,53.6,3,3,36.44,S
383,1,3,female,37.9,0,2,28.59,S
384,1,2,male,17.7,4,2,98.86,S
385,1,3,male,,0,1,41.99,Q
386,1,2,male,22.6,1,2,74.6,S
387,0,3,male,25.3,3,3,70.05,S
388,0,1,male,,0,0,25.15,C
389,1,3,female,51.8,2,3,27.7,S
390,1,3,female,42.0,0,1,31.72,S
391,1,1,male,35.8,3,3,44.06,C
392,0,1,male,,4,0,27.26,C
393,0,1,male,30.6,4,2,6.87,S
394,1,3,male,37.8,3,0,88.54,S
395,0,2,female,-5.4,1,2,96.73,S
396,1,3,male,25.8,1,2,37.45,C
397,1,2,male,33.4,4,3,37.16,S
398,0,2,male,,4,3,5.67,S
399,1,3,male,35.4,3,3,69.62,C
400,1,3,male,27.1,1,1,83.42,S
401,0,1,male,54.6,4,3,18.93,C
402,1,1,male,52.0,1,1,20.17,S
403,0,1,male,23.5,4,3,80.06,S
404,1,3,male,27.9,0,2,63.55,S
405,0,3,female,,2,1,9.26,C
406,1,3,male,23.7,0,0,64.14,S
407,0,3,male,,4,1,34.35,S
408,0,3,male,,2,1,40.03,S
409,1,3,female,14.2,2,0,78.12,S
410,0,3,male,,4,1,82.04,Q
411,0,1,female,38.8,4,2,43.03,S
412,1,1,male,18.7,1,3,94.98,S
413,1,2,male,42.5,4,0,43.61,Q
414,0,1,male,21.2,3,3,78.32,S
415,1,3,male,33.5,4,2,50.97,S
416,0,3,female,41.5,3,0,90.27,S
417,0,1,male,29.5,4,3,91.24,C
418,0,1,male,,1,3,13.3,S
419,1,3,male,,3,2,93.97,S
420,1,3,male,27.2,0,3,83.43,S
421,1,2,male,27.1,3,2,80.17,S
422,1,3,male,19.5,1,1,24.09,S
423,0,1,female,27.5,3,2,81.49,S
424,0,1,male,8.3,4,1,85.76,S
425,0,3,male,23.1,4,0,32.47,S
426,0,3,female,26.0,1,3,95.46,S
427,0,1,male,26.4,2,2,9.74,C
428,1,3,female,26.6,4,2,19.24,C
429,0,3,male,29.1,0,3,56.07,C
430,0,3,female,,1,3,59.7,S
431,0,3,male,42.2,3,0,66.29,S
432,1,3,female,20.9,3,0,6.61,S
433,0,3,female,13.2,0,2,96.23,Q
434,0,3,male,15.4,4,0,9.24,C
435,0,1,female,23.2,1,1,18.59,C
436,1,1,male,25.1,0,0,6.33,S
437,0,2,male,19.2,4,0,58.85,S
438,1,3,male,11.9,1,2,93.57,S
439,1,1,male,23.6,3,1,68.26,S
440,0,3,male,32.5,1,0,83.15,S
441,0,3,male,38.3,2,1,6.26,Q
442,1,1,male,22.2,1,1,56.49,S
443,0,3,female,24.2,2,1,48.66,S
444,0,3,female,17.0,1,3,52.4,S
445,1,3,male,29.6,2,3,11.86,Q
446,1,1,male,18.1,3,3,70.02,S
447,1,3,male,38.0,4,3,52.81,S
448,1,3,male,5.0,2,2,77.69,Q
449,0,3,male,25.0,2,0,51.1,S
450,0,3,male,34.2,3,3,19.19,S
451,1,3,male,32.6,2,2,66.58,S
452,0,3,female,67.7,0,0,21.38,S
453,0,3,male,34.9,3,3,87.88,C
454,1,3,male,15.9,0,0,63.25,C
455,0,1,male,28.7,3,3,19.93,S
456,0,3,male,5.1,2,2,96.42,S
457,0,3,male,28.9,0,1,54.24,S
458,0,3,male,,2,1,11.93,S
459,0,1,male,42.8,3,0,64.55,S
460,0,3,male,22.3,2,2,29.05,S
461,0,2,female,,0,1,81.35,S
462,1,3,female,,0,3,82.69,C
463,1,1,male,54.3,2,1,98.0,S
464,0,3,male,25.5,1,0,52.68,S
465,1,3,male,55.7,3,0,48.22,S
466,0,1,male,41.4,3,2,76.58,C
467,0,3,male,36.7,2,0,17.58,S
468,1,2,male,35.2,1,1,56.96,S
469,0,3,male,35.5,0,1,56.89,S
470,1,3,male,3.0,4,1,13.5,C
471,0,3,male,26.1,4,1,44.71,S
472,1,3,female,41.8,2,2,86.06,C
473,0,3,female,29.3,1,3,86.33,Q
474,1,2,female,10.3,1,3,14.43,C
475,0,2,male,29.3,3,2,13.62,S
476,1,3,female,53.9,0,0,29.96,S
477,0,3,male,47.5,1,3,88.1,S
478,0,3,female,29.1,4,0,17.25,Q
479,1,3,male,43.3,0,3,73.4,S
480,0,2,female,24.9,0,0,14.61,S
481,1,3,male,6.1,2,2,64.2,S
482,1,1,female,17.1,1,1,38.83,S
483,0,3,female,51.9,2,0,79.95,S
484,1,1,male,,1,1,27.2,S
485,0,2,male,26.6,3,0,65.72,S
486,1,2,female,25.8,2,0,27.39,C
487,0,2,male,56.7,2,0,72.8,S
488,0,3,female,52.8,4,0,88.0,S
489,1,2,male,61.1,2,0,17.05,S
490,1,3,male,27.8,1,1,87.33,S
491,0,1,male,34.1,4,0,61.39,C
492,1,2,male,8.8,2,1,17.08,S
493,0,1,female,50.7,2,2,45.62,S
494,0,1,male,13.7,3,3,20.28,S
495,0,3,male,33.0,2,0,71.53,Q
496,0,3,male,14.6,0,3,77.09,S
497,0,3,male,21.8,4,1,15.05,C
498,0,3,female,18.3,0,2,53.08,S
499,1,2,female,21.5,4,2,82.39,S
500,1,3,male,22.5,3,2,93.94,S
501,1,3,female,,2,3,53.78,C
502,0,3,female,41.7,2,1,95.28,S
503,0,1,male,14.5,2,0,55.89,Q
504,1,2,female,33.1,4,0,42.45,S
505,1,2,male,47.1,2,1,85.58,S
506,0,2,male,22.8,0,3,51.83,S
507,1,3,female,19.9,2,0,49.83,C
508,1,3,male,,3,1,51.58,S
509,1,3,female,46.5,0,0,85.44,C
510,1,3,female,,2,2,84.03,Q
511,0,3,male,22.6,2,0,43.33,Q
512,0,3,female,36.8,1,3,36.66,S
513,1,3,male,14.6,4,1,51.73,S
514,1,1,male,39.5,0,3,59.41,C
515,0,1,male,35.7,1,1,27.64,S
516,0,1,female,25.7,3,2,80.43,S
517,0,3,male,18.3,4,1,51.22,S
518,1,3,male,17.6,0,0,36.73,S
519,1,2,female,37.5,2,0,15.15,S
520,0,3,female,,0,2,27.69,S
521,0,1,female,21.1,2,1,95.18,S
522,0,3,male,36.4,4,2,33.98,S
523,1,2,male,0.8,2,0,21.04,S
524,1,1,male,21.8,3,3,48.76,S
525,1,3,female,29.6,2,2,34.17,S
526,0,2,male,17.3,3,3,8.34,S
527,0,2,male,16.9,4,3,35.7,S
528,0,2,female,20.7,4,1,56.69,S
529,0,3,male,34.1,0,2,57.41,S
530,1,3,female,27.4,3,3,38.87,C
531,1,2,female,-1.3,3,3,47.49,S
532,1,3,female,0.3,1,1,96.72,C
533,1,3,male,21.5,1,1,40.85,S
534,0,2,male,,1,0,29.53,S
535,1,2,female,-8.5,2,3,28.13,S
536,1,1,female,23.0,1,0,48.49,S
537,1,1,female,22.6,3,3,77.15,S
538,0,3,male,49.4,2,0,24.57,S
539,0,1,female,24.6,4,1,72.38,S
540,0,3,female,35.4,0,2,7.01,S
541,1,3,female,32.0,1,1,44.8,S
542,0,1,female,0.2,4,0,78.71,Q
543,0,3,female,40.8,3,0,37.18,S
544,1,2,male,33.0,0,2,58.56,S
545,0,3,male,37.1,4,3,24.47,S
546,0,3,male,85.0,0,0,75.49,S
547,0,3,male,0.8,1,0,9.97,C
548,1,3,male,54.1,3,0,85.99,S
549,0,1,male,26.0,0,2,23.83,S
550,1,3,male,34.0,4,1,88.07,C
551,0,3,male,,1,0,38.49,S
552,1,3,male,24.1,1,2,73.65,S
553,0,3,female,22.0,4,0,35.33,Q
554,0,3,female,,4,3,91.06,S
555,1,1,male,8.8,0,2,17.03,S
556,0,1,female,40.5,2,0,21.96,S
557,0,3,male,24.2,1,2,51.84,S
558,0,2,male,14.2,0,0,12.78,S
559,1,3,male,23.7,4,1,23.62,C
560,1,3,male,47.6,0,0,94.66,S
561,1,2,female,22.5,4,2,97.77,C
562,0,1,female,35.0,3,3,40.74,Q
563,0,3,male,19.8,4,3,92.71,S
564,0,2,male,40.6,4,3,56.76,S
565,0,3,male,39.6,4,0,30.63,S
566,0,2,male,55.9,2,1,71.73,Q
567,0,3,male,27.5,4,0,67.6,C
568,0,1,male,39.4,1,3,98.97,S
569,1,3,female,31.4,1,2,30.18,S
570,0,3,female,48.1,0,3,68.85,S
571,0,3,male,19.9,2,2,9.94,Q
572,1,1,female,40.4,0,1,15.8,S
573,0,3,male,,1,2,5.37,S
574,1,3,male,,1,0,99.95,C
575,1,1,male,31.3,3,0,81.22,S
576,1,1,male,33.5,4,0,79.74,S
577,0,1,female,28.4,1,2,53.42,S
578,1,3,male,33.0,0,0,33.51,S
579,0,3,male,52.1,0,0,19.37,S
580,0,3,male,43.8,4,0,32.04,Q
581,0,1,male,42.2,4,1,40.72,S
582,1,2,female,23.6,3,2,76.85,S
583,0,3,male,17.6,2,2,56.27,S
584,0,3,male,43.4,0,3,12.36,S
585,1,3,male,42.3,4,2,6.71,S
586,0,1,male,50.6,0,1,14.72,C
587,0,3,male,21.5,4,2,44.0,C
588,0,2,female,26.8,1,1,93.65,S
589,0,2,male,,0,1,65.55,S
590,0,3,female,24.5,1,2,81.17,S
591,0,3,female,44.0,0,3,49.31,Q
592,1,3,female,23.5,2,0,39.36,S
593,0,1,male,39.0,3,0,15.3,C
594,0,1,male,27.3,1,2,88.21,S
595,1,3,male,34.5,4,2,79.4,Q
596,0,3,female,13.9,2,1,20.97,S
597,1,2,male,31.2,0,2,53.66,C
598,0,1,male,-11.9,1,1,51.3,S
599,0,1,male,27.4,0,3,64.38,S
600,0,3,male,7.2,0,2,94.89,S
601,0,1,male,,0,0,60.08,C
602,0,2,male,40.9,3,0,56.32,S
603,0,1,female,36.5,3,2,9.78,Q
604,0,2,male,51.3,4,1,10.98,C
605,0,1,male,16.7,1,0,22.8,S
606,0,3,male,54.5,2,1,8.08,C
607,0,1,male,43.1,2,2,75.62,S
608,0,3,male,26.7,2,2,73.72,S
609,0,1,female,45.9,0,0,17.93,S
610,1,3,male,14.5,3,2,84.43,S
611,0,3,female,18.5,1,3,19.7,C
612,1,3,male,21.5,0,3,33.61,S
613,1,3,male,22.6,3,0,28.65,S
614,0,2,female,15.2,3,3,40.37,S
615,1,2,male,47.1,1,1,29.19,S
616,1,3,male,26.4,1,0,51.45,S
617,0,3,male,34.9,1,0,43.7,C
618,0,3,male,22.0,0,1,98.72,S
619,1,3,female,4.5,4,3,10.31,S
620,1,3,male,33.8,1,3,18.51,S
621,0,3,female,3.2,4,3,10.02,S
622,0,1,female,29.0,0,0,64.45,C
623,0,3,male,10.8,4,0,10.18,S
624,0,3,female,57.8,2,3,84.46,C
625,0,1,male,,4,2,53.63,S
626,0,3,female,31.5,1,3,55.07,S
627,0,1,male,47.7,0,1,58.35,Q
628,1,3,female,18.2,1,0,21.23,C
629,0,1,male,37.6,2,1,23.78,S
630,0,3,male,32.8,1,1,35.29,S
631,1,3,male,33.7,1,0,61.38,S
632,1,2,female,47.8,1,2,24.96,S
633,0,3,male,40.3,3,3,16.05,C
634,0,3,male,34.0,2,1,97.16,C
635,0,3,female,6.8,1,0,7.09,S
636,0,1,female,16.6,1,1,81.26,Q
637,0,2,female,28.3,1,3,79.86,S
638,0,1,female,31.3,0,2,33.24,S
639,0,3,female,14.2,3,2,17.88,S
640,0,3,female,63.8,0,2,18.83,S
641,0,3,male,51.2,3,0,71.26,S
642,0,3,male,38.4,1,0,66.07,S
643,0,3,female,31.0,2,2,79.36,S
644,0,3,male,27.0,4,3,94.06,S
645,0,1,male,16.7,4,3,70.73,C
646,1,3,male,31.1,1,0,19.81,S
647,0,1,female,33.6,0,2,28.13,S
648,1,3,male,12.6,2,3,85.01,C
649,1,3,male,34.7,3,3,24.88,Q
650,0,3,male,27.8,1,3,11.89,Q
651,0,1,male,3.3,2,0,71.81,S
652,0,2,male,18.0,2,2,43.24,S
653,0,2,male,24.2,3,1,92.4,S
654,1,2,male,56.4,2,2,66.77,S
655,0,1,female,37.8,0,2,13.59,Q
656,0,3,male,11.3,0,0,95.05,S
657,0,3,female,36.8,0,3,29.56,S
658,0,2,female,8.3,2,3,37.04,S
659,1,2,male,45.2,0,0,43.21,S
660,0,3,female,23.4,3,0,9.87,C
661,0,3,male,28.7,2,0,52.17,S
662,1,3,female,48.6,4,0,16.72,S
663,0,3,male,,2,0,43.09,S
664,0,3,female,10.4,3,1,38.32,S
665,0,3,male,21.8,4,2,78.42,S
666,0,3,male,44.5,2,2,81.3,S
667,0,1,male,8.7,0,2,19.57,S
668,0,3,female,-9.7,1,3,39.82,S
669,0,1,female,23.7,1,1,40.47,Q
670,0,3,male,37.7,0,2,19.38,Q
671,0,2,male,,1,3,80.85,Q
672,1,3,male,23.5,1,1,72.19,S
673,0,3,female,24.2,0,1,23.09,S
674,0,3,male,46.2,0,3,39.84,S
675,0,3,female,,2,1,15.05,C
676,1,2,male,24.6,2,3,64.68,Q
677,0,1,male,32.7,0,2,16.53,C
678,0,2,male,36.3,3,3,98.66,S
679,1,1,male,,1,1,79.16,Q
680,1,3,male,30.5,2,2,42.07,S
681,1,2,male,-4.8,1,2,59.96,S
682,0,3,female,,4,0,91.58,S
683,0,3,male,36.3,0,0,57.64,S
684,1,3,male,16.2,3,1,21.58,S
685,1,1,male,30.8,4,3,40.98,S
686,0,3,male,36.3,4,3,85.1,S
687,0,3,male,25.2,4,1,66.2,S
688,0,3,male,32.4,0,2,66.82,C
689,1,3,male,16.5,2,1,87.35,S
690,0,3,male,27.1,0,1,89.93,S
691,0,1,male,38.5,2,2,92.38,C
692,0,3,male,32.2,4,3,14.01,Q
693,0,2,male,21.8,4,1,56.69,S
694,0,1,male,33.1,3,3,75.35,S
695,0,2,female,40.0,2,1,76.91,S
696,0,1,male,1.3,4,2,62.64,S
697,0,1,female,46.2,1,2,20.84,S
698,0,1,male,25.3,3,0,80.75,C
699,0,3,female,,0,2,73.41,S
700,0,3,female,46.8,3,0,13.18,C
701,0,3,male,10.8,1,1,49.06,C
702,0,2,female,20.1,2,3,21.53,Q
703,0,2,male,26.0,0,2,37.06,S
704,0,3,male,19.0,0,2,6.72,Q
705,0,2,female,54.3,2,2,43.03,S
706,1,1,female,18.0,3,1,57.24,S
707,0,3,male,22.2,4,0,63.86,S
708,1,1,male,32.9,3,1,68.03,S
709,0,3,male,13.2,1,3,84.45,C
710,1,3,male,24.5,4,1,25.47,S
711,1,1,female,34.4,3,3,16.45,S
712,0,1,male,25.3,2,2,85.9,S
713,0,3,male,28.7,1,3,19.88,S
714,0,3,male,22.6,1,3,97.6,S
715,0,1,male,8.8,1,0,85.04,C
716,1,3,male,34.5,4,3,52.58,S
717,1,1,male,,0,3,98.24,S
718,1,3,female,30.3,4,1,14.25,S
719,0,3,female,,3,2,33.79,S
720,1,1,male,39.7,0,1,65.63,S
721,1,1,female,12.2,3,1,38.25,S
722,0,1,female,53.8,0,2,93.2,Q
723,0,2,female,32.8,4,2,11.23,S
724,1,1,male,52.8,1,3,57.19,S
725,0,3,male,19.7,2,3,61.13,S
726,1,1,male,55.5,1,0,67.01,C
727,0,3,male,40.9,4,1,29.29,S
728,1,3,male,37.7,0,2,39.63,S
729,0,3,male,33.3,1,3,85.15,C
730,0,3,male,26.5,4,2,23.52,S
731,0,2,female,46.8,3,3,83.55,S
732,1,3,male,32.0,2,0,58.45,S
733,1,3,male,2.5,1,0,77.41,S
734,0,2,female,14.4,0,2,72.79,S
735,0,1,female,27.4,3,0,24.71,S
736,1,3,female,34.3,4,2,59.04,S
737,0,3,female,29.2,2,3,87.43,S
738,1,1,male,47.1,0,1,46.05,S
739,0,2,female,2.7,4,0,96.83,Q
740,0,2,male,32.0,4,3,47.96,C
741,0,3,male,4.5,1,1,18.56,C
742,0,3,male,40.6,1,1,42.0,S
743,1,3,male,28.7,0,1,95.41,S
744,0,1,male,35.9,4,3,35.37,S
745,0,2,male,17.9,1,3,87.47,S
746,1,3,female,47.9,2,2,88.72,Q
747,0,1,male,44.6,2,1,38.27,S
748,0,2,male,38.2,4,1,12.91,S
749,1,3,female,28.2,1,1,73.83,S
750,1,1,male,38.1,0,2,34.59,S
751,0,3,male,20.1,0,1,79.38,S
752,1,1,female,,0,3,47.05,S
753,1,1,male,53.1,2,1,51.1,S
754,0,2,male,45.0,1,0,78.9,C
755,0,3,female,19.8,1,3,41.32,S
756,1,3,male,35.1,2,2,47.1,Q
757,1,3,male,11.9,0,1,40.74,C
758,0,3,female,38.0,0,0,39.9,S
759,1,1,female,36.3,4,2,54.96,C
760,1,3,male,3.8,3,2,81.84,S
761,0,3,male,13.7,1,3,39.37,Q
762,0,3,male,26.0,1,2,54.8,S
763,0,1,male,25.8,1,2,68.72,S
764,1,3,male,13.1,3,2,30.6,S
765,0,1,male,35.4,4,2,31.36,S
766,0,2,female,33.5,3,1,93.67,Q
767,1,3,male,27.3,0,1,73.74,S
768,1,3,male,19.4,0,1,59.83,S
769,0,2,male,44.7,1,1,66.53,S
770,1,2,female,53.2,2,0,7.78,Q
771,0,3,male,23.2,1,1,63.72,S
772,1,3,male,21.4,2,2,53.4,S
773,0,3,female,36.9,3,1,56.85,S
774,0,3,male,25.0,0,1,39.15,S
775,1,3,male,28.0,2,3,12.74,S
776,0,2,male,40.4,3,2,23.37,S
777,0,3,male,3.3,0,1,95.32,S
778,1,2,male,48.5,2,1,43.83,C
779,1,2,male,31.0,1,1,49.33,S
780,1,3,male,24.2,1,0,10.01,S
781,1,1,male,,1,1,8.57,S
782,0,3,female,29.5,3,3,73.13,C
783,0,3,female,5.8,1,2,56.12,Q
784,0,3,female,50.9,4,2,53.33,S
785,0,3,female,30.6,0,1,28.1,S
786,1,3,male,36.2,3,1,75.75,S
787,0,3,female,43.3,1,1,20.98,S
788,0,3,male,15.7,0,2,23.04,S
789,0,1,female,36.6,2,2,48.77,S
790,1,3,female,26.3,1,0,32.2,S
791,0,1,female,41.9,0,3,28.51,Q
792,0,3,female,0.2,4,0,66.3,S
793,0,3,male,28.6,2,3,66.84,S
794,0,3,male,21.6,4,0,83.33,S
795,0,1,male,36.1,0,2,44.68,S
796,1,1,male,36.6,4,0,11.94,S
797,1,3,male,20.1,0,3,31.0,S
798,0,1,male,,0,1,98.1,S
799,1,1,female,28.5,4,3,61.64,S
800,1,1,male,17.4,0,1,72.43,Q
801,1,3,female,41.8,1,2,5.7,S
802,0,3,female,,0,3,54.23,S
803,0,2,female,-10.7,3,0,8.57,S
804,0,2,female,,0,3,59.08,S
805,0,2,male,15.5,3,1,92.47,S
806,1,3,female,7.2,0,2,97.0,C
807,1,3,female,,0,0,56.35,Q
808,1,1,male,,4,3,48.53,Q
809,0,1,male,48.6,1,1,94.78,S
810,0,1,female,34.4,1,0,68.99,C
811,1,3,male,21.5,2,2,11.17,S
812,1,3,male,36.4,4,0,49.24,S
813,0,2,female,23.6,4,2,27.82,S
814,1,1,male,20.3,1,0,49.63,C
815,1,1,male,13.8,4,3,48.27,S
816,0,3,female,5.5,1,1,60.3,S
817,0,2,male,24.5,4,3,38.89,S
818,0,3,male,32.2,0,3,20.61,S
819,0,3,male,28.6,1,2,52.85,S
820,0,2,male,24.2,1,2,83.87,Q
821,1,1,female,16.8,3,2,68.08,S
822,0,1,male,38.5,4,3,37.14,S
823,0,3,male,11.6,4,0,93.87,S
824,0,3,male,40.9,1,0,91.66,S
825,0,3,male,16.0,0,3,24.89,S
826,1,3,female,19.5,0,3,8.74,S
827,0,1,female,9.5,0,1,75.42,S
828,0,3,male,23.0,4,2,83.62,S
829,1,3,male,43.7,3,2,96.95,S
830,0,2,male,37.2,1,3,89.53,S
831,0,3,male,43.7,2,3,62.05,S
832,0,3,female,,3,0,55.35,S
833,0,3,male,14.5,2,3,7.64,Q
834,0,3,male,25.4,3,0,28.43,S
835,0,3,male,19.1,0,3,48.66,S
836,0,3,female,48.6,4,1,64.71,S
837,1,1,female,13.2,2,1,57.94,S
838,0,2,male,42.5,3,0,75.55,Q
839,0,3,female,,4,2,31.58,S
840,1,1,male,55.6,2,1,58.67,S
841,0,2,male,24.3,1,0,13.37,S
842,1,2,female,40.0,3,3,44.3,S
843,0,2,female,,1,3,76.27,C
844,1,3,female,21.4,0,0,70.87,S
845,0,3,male,8.5,1,2,99.11,S
846,0,2,male,3.7,1,0,31.4,S
847,0,1,female,,3,0,52.33,S
848,1,1,male,3.6,0,1,36.31,C
849,0,3,male,24.8,1,0,46.86,S
850,0,3,male,36.1,4,0,86.41,S
851,0,2,female,32.6,2,3,70.0,S
852,1,3,male,36.0,1,1,88.83,S
853,0,3,male,33.1,0,3,24.33,S
854,1,3,female,47.9,1,3,87.97,S
855,0,3,male,16.7,2,2,10.68,S
856,0,2,male,20.5,0,2,89.42,S
857,0,3,male,19.2,3,1,36.26,S
858,0,3,male,41.6,0,1,34.89,Q
859,0,3,male,42.6,3,2,53.65,S
860,0,3,male,36.3,0,2,94.37,S
861,1,3,female,46.6,2,2,9.54,S
862,0,3,male,13.5,2,2,38.46,S
863,0,1,female,53.3,0,2,86.37,S
864,0,3,male,51.3,1,3,42.63,C
865,0,3,male,40.3,2,1,23.92,S
866,0,3,male,54.9,3,3,45.36,S
867,0,1,male,6.8,3,3,41.63,S
868,0,1,female,22.7,4,0,91.96,S
869,1,1,male,19.7,3,3,77.38,S
870,1,3,male,40.1,4,2,52.99,S
871,0,3,female,,0,2,98.9,S
872,0,1,female,40.6,0,0,49.2,S
873,1,3,female,49.2,0,0,10.53,S
874,0,3,male,39.7,1,0,29.92,S
875,0,3,female,34.0,1,0,46.43,S
876,0,3,male,16.2,4,0,19.91,S
877,1,3,male,18.1,3,3,95.02,S
878,1,3,male,47.5,3,0,77.85,S
879,0,2,male,40.9,0,3,30.49,S
880,0,3,male,29.5,2,1,61.13,S
881,0,3,male,24.1,1,0,73.54,S
882,1,3,female,1.6,1,0,94.42,S
883,0,3,male,15.0,0,3,88.76,S
884,0,3,male,56.8,1,1,53.94,S
885,1,1,male,12.1,0,3,78.59,S
886,0,3,female,32.7,4,3,58.4,C
887,1,1,male,44.1,3,0,57.51,S
888,0,2,male,12.4,2,2,15.9,S
889,0,3,female,32.6,3,2,16.98,S
890,0,3,female,43.1,3,3,55.31,S
891,1,1,male,,4,0,30.54,S
892,1,2,female,70.2,1,1,7.0,S
893,1,3,female,6.6,2,2,73.67,S
894,0,1,female,44.8,1,1,8.09,S
895,1,3,male,27.6,3,2,61.55,S
896,0,3,female,40.8,0,0,56.22,S
897,0,3,male,,3,3,97.04,S
898,1,1,male,19.7,1,1,51.0,S
899,0,2,male,33.2,3,1,11.04,S
900,0,3,male,,0,3,57.41,S
901,0,3,male,,4,1,84.9,S
902,0,1,female,34.2,1,2,99.7,S
903,0,3,male,38.9,3,3,45.88,S
904,0,1,male,,1,2,35.43,S
905,0,3,male,35.1,4,2,91.13,C
906,1,1,male,,3,0,23.17,Q
907,1,3,female,17.7,3,2,63.47,S
908,0,2,male,20.0,1,0,43.54,S
909,0,2,male,46.6,1,1,8.9,S
910,0,1,male,50.1,0,1,37.99,S
911,0,2,male,26.7,4,0,30.2,S
912,0,3,male,30.6,0,2,70.18,S
913,1,3,female,17.3,3,3,95.14,Q
914,0,2,female,46.4,1,3,30.46,S
915,0,3,male,39.3,3,0,82.09,S
916,0,3,female,57.2,3,1,10.26,S
917,0,3,female,17.7,2,1,56.12,C
918,1,3,female,24.7,2,3,11.7,S
919,1,2,male,33.2,3,0,93.73,S
920,0,2,male,39.1,1,3,77.8,S
921,1,3,male,27.0,3,2,67.51,C
922,0,1,female,17.8,2,2,83.27,S
923,1,3,female,42.3,1,0,66.51,C
924,1,2,male,40.1,3,0,97.05,S
925,0,3,male,17.2,4,2,72.83,S
926,0,1,female,49.0,4,1,92.84,S
927,0,3,female,46.4,3,0,54.13,S
928,0,3,female,31.9,1,2,16.12,S
929,1,3,female,31.1,3,2,55.18,C
930,0,1,male,37.8,3,1,17.05,S
931,0,3,male,17.9,2,1,61.29,S
932,1,3,female,,4,1,50.84,S
933,1,3,male,,2,1,64.14,S
934,0,3,male,42.3,2,3,5.95,S
935,0,3,female,8.1,3,1,23.51,S
936,0,3,male,51.0,2,3,51.68,S
937,0,2,female,25.4,4,0,95.3,S
938,1,3,male,,2,2,41.44,Q
939,0,3,female,21.2,4,3,45.32,S
940,0,1,male,26.0,2,0,72.9,C
941,0,1,male,49.9,4,0,62.36,S
942,0,2,male,-4.8,2,3,33.4,S
943,1,3,male,47.9,2,0,44.03,S
944,1,3,female,,1,0,25.68,S
945,0,3,female,,4,3,96.77,C
946,0,3,male,14.9,4,0,17.41,S
947,0,3,male,53.5,4,1,40.32,S
948,1,1,male,16.8,0,1,7.45,C
949,1,2,male,13.9,2,2,26.07,S
950,0,2,female,45.9,4,0,79.14,S
951,0,1,female,34.7,0,2,24.11,S
952,1,1,female,16.9,1,1,12.61,C
953,0,3,female,33.0,4,1,50.07,S
954,1,3,male,15.6,4,1,5.95,S
955,0,3,female,45.4,0,0,13.05,S
956,0,3,female,44.9,2,0,81.72,Q
957,0,3,female,37.4,1,1,78.29,S
958,0,2,female,35.1,4,2,91.94,S
959,0,3,male,54.7,2,2,86.18,S
960,1,3,female,30.0,1,3,69.9,Q
961,0,1,male,13.5,3,1,9.97,C
962,0,2,male,36.3,3,2,79.37,Q
963,0,3,male,59.2,1,1,85.32,S
964,0,2,female,15.8,0,2,80.91,S
965,0,3,female,24.9,1,3,53.31,S
966,0,3,female,35.8,1,3,27.13,C
967,1,1,female,29.2,0,1,85.31,S
968,0,2,male,16.2,0,2,74.08,S
969,0,2,female,45.7,2,0,98.17,C
970,0,1,male,62.5,2,3,19.79,S
971,1,1,male,32.7,0,1,26.44,S
972,1,3,male,,3,1,25.12,S
973,1,2,female,,3,2,80.29,S
974,0,3,female,33.6,1,1,22.76,C
975,0,2,male,45.5,4,3,11.33,S
976,0,3,male,36.7,1,1,99.86,S
977,0,2,female,30.0,1,1,7.36,S
978,0,2,male,21.8,4,0,84.35,S
979,0,3,female,14.7,0,0,39.71,S
980,0,3,female,,3,3,84.95,S
981,0,1,male,42.8,1,2,57.69,S
982,1,3,male,8.4,4,0,90.65,S
983,0,3,female,52.3,2,2,92.99,S
984,0,3,female,38.0,1,3,5.86,S
985,1,1,male,49.6,3,0,12.16,C
986,0,1,female,11.2,0,2,28.78,S
987,1,3,male,10.9,1,0,68.58,C
988,0,3,male,27.9,1,3,89.39,S
989,0,2,female,37.0,4,3,48.69,S
990,1,3,female,55.1,2,0,62.66,S
991,1,3,male,,2,2,22.91,S
992,1,1,female,,0,1,81.47,S
993,0,3,male,15.6,3,1,96.9,S
994,0,1,male,47.2,0,0,30.52,Q
995,0,3,male,16.5,1,2,52.01,S
996,0,3,female,52.8,1,1,13.18,S
997,1,3,male,26.0,2,3,58.12,C
998,0,1,male,52.3,3,2,52.76,S
999,1,1,male,39.5,4,1,18.72,C
1000,0,2,female,28.1,3,2,47.0,S
